{
  "project_info": {
    "project_number": "100823003725",
    "firebase_url": "https://food-delivery-bb7d8.firebaseio.com",
    "project_id": "food-delivery-bb7d8",
    "storage_bucket": "food-delivery-bb7d8.appspot.com"
  },
  "client": [
    {
      "client_info": {
        "mobilesdk_app_id": "1:100823003725:android:f5e848beb89c72ade52204",
        "android_client_info": {
          "package_name": "com.raykibul.fooddelivery"
        }
      },
      "oauth_client": [
        {
          "client_id": "100823003725-f9n44oduv62i7cl4rchp01a9gsmcg3pm.apps.googleusercontent.com",
          "client_type": 3
        }
      ],
      "api_key": [
        {
          "current_key": "AIzaSyC69w-P3QatMOKhlyitf1JkQ_sdaChiKnI"
        }
      ],
      "services": {
        "appinvite_service": {
          "other_platform_oauth_client": [
            {
              "client_id": "100823003725-f9n44oduv62i7cl4rchp01a9gsmcg3pm.apps.googleusercontent.com",
              "client_type": 3
            }
          ]
        }
      }
    }
  ],
  "configuration_version": "1"
}